Haplotypes,n (Freq),Freq
NAHQVVSRPSKNYENNANESREMPGVAQ,30 [28.85],28.85
NAHQVVSRPSKNYENNANESREMPGVAE,13 [12.5],12.5
NAHHVVSRPSKNYENNANESREMPGVAE,8 [7.69],7.69
HINQVVSRPSKNYENNANESREMPGVAQ,6 [5.77],5.77
HINQVVSRPSKNYENNANQSREMPGVAQ,6 [5.77],5.77
NAHQVISRPSKNYENNANESREMPGVAQ,6 [5.77],5.77
NAHQVVFRPSKNYENNANESREMPGVAQ,3 [2.88],2.88
NAHQVVSRPSKNYENNANESREMTDVAE,3 [2.88],2.88
HINQVVSRPSKNYENNANESREMPGVAE,2 [1.92],1.92
NAHQVIFRPSKNYENNANESREMPGVAQ,2 [1.92],1.92
NAHQVISRPSKNYENNANESREMPGVAE,2 [1.92],1.92
NAHQVVSRPSKNYENNANESREMPGIPE,2 [1.92],1.92
NAHQVVSRPSKNYENNANETREMTDVAE,2 [1.92],1.92
HAHQVVSRPSKNYENNAKESREMPGVAQ,1 [0.96],0.96
HAHQVVSRPSKNYENNANESREMPGVAE,1 [0.96],0.96
HINHVVSRPSKNYENNANESREMPGVAE,1 [0.96],0.96
HINHVVSRPSKNYENNANESREMPGVAQ,1 [0.96],0.96
NAHHVVSRPSKNYENNANESREMPGVAQ,1 [0.96],0.96
NAHHVVSRPSKNYENNANETREMTGVAE,1 [0.96],0.96
NAHHVVSRPSKNYVNNANESREMPGVAQ,1 [0.96],0.96
NAHQIVSRPSKNYENNANESREMPGVAE,1 [0.96],0.96
NAHQVISRPSKNYENNAKESREMPDVAE,1 [0.96],0.96
NAHQVISRPSKNYENNAKESREMTDVAE,1 [0.96],0.96
NAHQVVSKPSKNYENNANESREMPGVAQ,1 [0.96],0.96
NAHQVVSRPSKNYENNAKESREMPGVAE,1 [0.96],0.96
NAHQVVSRPSKNYENNAKESREMTDVAE,1 [0.96],0.96
NAHQVVSRPSKNYENNANESKNMPGVAQ,1 [0.96],0.96
NAHQVVSRPSKNYENNANESREIPGVAQ,1 [0.96],0.96
NAHQVVSRPSKNYENNANESRNMTDVAE,1 [0.96],0.96
NAHQVVSRPSKNYENNANETGEMPGVAQ,1 [0.96],0.96
NAHQVVSRPSKNYENNANETREMTDVAQ,1 [0.96],0.96
NVHHVVFRPSKNYENNANESREIPGVAQ,1 [0.96],0.96
